{
  "project_info": {
    "project_number": "611424424178",
    "project_id": "proyecto-de-examen-c0ea4",
    "storage_bucket": "proyecto-de-examen-c0ea4.appspot.com"
  },
  "client": [
    {
      "client_info": {
        "mobilesdk_app_id": "1:611424424178:android:8ee04e56983702ebc5c06b",
        "android_client_info": {
          "package_name": "proyecto_de.examen"
        }
      },
      "oauth_client": [
        {
          "client_id": "611424424178-8ndasq82l6ohv70atbqf3079oafbhtue.apps.googleusercontent.com",
          "client_type": 3
        }
      ],
      "api_key": [
        {
          "current_key": "htAAIr7bMycg1WFuJ3L321YsIQ"
        }
      ],
      "services": {
        "appinvite_service": {
          "other_platform_oauth_client": [
            {
              "client_id": "611424424178-8ndasq82l6ohv70atbqf3079oafbhtue.apps.googleusercontent.com",
              "client_type": 3
            }
          ]
        }
      }
    }
  ],
  "configuration_version": "1"
}